filename,label
clean/hw_pwm_16bit_0_khpy.v,0
trojan/hw_alu_64bit_0_blgk.v,1
clean/hw_fifo_16bit_1_wxjm.v,0
trojan/hw_alu_16bit_1_tcuq.v,1
clean/hw_fifo_64bit_2_yhqe.v,0
trojan/hw_alu_16bit_2_lnln.v,1
clean/hw_pwm_16bit_3_uyes.v,0
trojan/hw_pwm_8bit_3_find.v,1
clean/hw_fifo_8bit_4_ejir.v,0
trojan/hw_pwm_16bit_4_efld.v,1
clean/hw_pwm_8bit_5_rtut.v,0
trojan/hw_pwm_8bit_5_nudu.v,1
clean/hw_fifo_8bit_6_vrld.v,0
trojan/hw_fifo_16bit_6_qlcl.v,1
clean/hw_pwm_64bit_7_cgjm.v,0
trojan/hw_fifo_16bit_7_mdmi.v,1
clean/hw_alu_16bit_8_vxeg.v,0
trojan/hw_alu_8bit_8_xpoy.v,1
clean/hw_alu_16bit_9_lglq.v,0
trojan/hw_alu_64bit_9_tbdf.v,1
clean/hw_fifo_64bit_10_orfx.v,0
trojan/hw_fifo_8bit_10_kpjg.v,1
clean/hw_fifo_16bit_11_ruky.v,0
trojan/hw_fifo_8bit_11_wmlc.v,1
clean/hw_alu_32bit_12_cqqe.v,0
trojan/hw_pwm_32bit_12_uwek.v,1
clean/hw_pwm_64bit_13_rnrg.v,0
trojan/hw_fifo_8bit_13_lwsp.v,1
clean/hw_pwm_32bit_14_fksz.v,0
trojan/hw_pwm_8bit_14_drlz.v,1
clean/hw_fifo_16bit_15_hwjz.v,0
trojan/hw_alu_64bit_15_hftc.v,1
clean/hw_pwm_64bit_16_gsjh.v,0
trojan/hw_fifo_32bit_16_nyfs.v,1
clean/hw_alu_64bit_17_zvbs.v,0
trojan/hw_fifo_64bit_17_ejgr.v,1
clean/hw_pwm_32bit_18_gtet.v,0
trojan/hw_pwm_32bit_18_cslj.v,1
clean/hw_fifo_64bit_19_offi.v,0
trojan/hw_alu_64bit_19_htba.v,1
clean/hw_fifo_64bit_20_hyiq.v,0
trojan/hw_alu_32bit_20_qonc.v,1
clean/hw_fifo_64bit_21_mwml.v,0
trojan/hw_fifo_32bit_21_ltea.v,1
clean/hw_pwm_16bit_22_rlfv.v,0
trojan/hw_alu_16bit_22_cpfs.v,1
clean/hw_pwm_8bit_23_gwdx.v,0
trojan/hw_alu_64bit_23_oawx.v,1
clean/hw_alu_16bit_24_otpj.v,0
trojan/hw_pwm_16bit_24_eout.v,1
clean/hw_fifo_8bit_25_dcxy.v,0
trojan/hw_fifo_8bit_25_gqcd.v,1
clean/hw_pwm_8bit_26_mtdo.v,0
trojan/hw_pwm_64bit_26_rtlw.v,1
clean/hw_pwm_8bit_27_fzxt.v,0
trojan/hw_alu_16bit_27_vzma.v,1
clean/hw_alu_8bit_28_zgod.v,0
trojan/hw_pwm_64bit_28_ermf.v,1
clean/hw_alu_32bit_29_zxuv.v,0
trojan/hw_pwm_32bit_29_qelg.v,1
clean/hw_alu_16bit_30_wfnm.v,0
trojan/hw_fifo_64bit_30_tezi.v,1
clean/hw_pwm_8bit_31_ixef.v,0
trojan/hw_fifo_16bit_31_ppmo.v,1
clean/hw_pwm_32bit_32_ohzy.v,0
trojan/hw_pwm_16bit_32_lrgu.v,1
clean/hw_alu_32bit_33_foru.v,0
trojan/hw_pwm_32bit_33_iyoe.v,1
clean/hw_pwm_16bit_34_vzam.v,0
trojan/hw_alu_16bit_34_xgld.v,1
clean/hw_alu_8bit_35_gfrl.v,0
trojan/hw_fifo_64bit_35_ryzr.v,1
clean/hw_alu_64bit_36_ozti.v,0
trojan/hw_alu_8bit_36_bnvw.v,1
clean/hw_fifo_32bit_37_kxbd.v,0
trojan/hw_fifo_16bit_37_clkk.v,1
clean/hw_fifo_64bit_38_igxb.v,0
trojan/hw_fifo_8bit_38_bdje.v,1
clean/hw_fifo_32bit_39_namw.v,0
trojan/hw_pwm_16bit_39_zxjq.v,1
clean/hw_pwm_64bit_40_xdab.v,0
trojan/hw_alu_64bit_40_sjzo.v,1
clean/hw_fifo_32bit_41_pnsz.v,0
trojan/hw_alu_16bit_41_jano.v,1
clean/hw_fifo_64bit_42_pptu.v,0
trojan/hw_fifo_32bit_42_ugrl.v,1
clean/hw_fifo_64bit_43_zvad.v,0
trojan/hw_fifo_64bit_43_uard.v,1
clean/hw_pwm_8bit_44_axzx.v,0
trojan/hw_pwm_64bit_44_prcf.v,1
clean/hw_fifo_32bit_45_apvl.v,0
trojan/hw_pwm_16bit_45_xedo.v,1
clean/hw_pwm_64bit_46_hviy.v,0
trojan/hw_fifo_64bit_46_gzfl.v,1
clean/hw_fifo_32bit_47_abkx.v,0
trojan/hw_alu_8bit_47_xcum.v,1
clean/hw_fifo_8bit_48_fxtk.v,0
trojan/hw_pwm_8bit_48_dwoq.v,1
clean/hw_pwm_32bit_49_gbnr.v,0
trojan/hw_fifo_32bit_49_unrs.v,1
clean/hw_alu_8bit_50_xxbk.v,0
trojan/hw_alu_8bit_50_vujm.v,1
clean/hw_fifo_16bit_51_tgqw.v,0
trojan/hw_alu_64bit_51_iqyv.v,1
clean/hw_alu_32bit_52_oldo.v,0
trojan/hw_alu_16bit_52_cpay.v,1
clean/hw_pwm_32bit_53_hpnn.v,0
trojan/hw_pwm_32bit_53_catb.v,1
clean/hw_fifo_8bit_54_wctt.v,0
trojan/hw_alu_16bit_54_dbdp.v,1
clean/hw_pwm_32bit_55_xvvw.v,0
trojan/hw_pwm_8bit_55_jzwu.v,1
clean/hw_alu_32bit_56_utoq.v,0
trojan/hw_alu_16bit_56_mdmy.v,1
clean/hw_fifo_8bit_57_ptfx.v,0
trojan/hw_pwm_64bit_57_hunn.v,1
clean/hw_alu_16bit_58_xrtz.v,0
trojan/hw_alu_16bit_58_utoi.v,1
clean/hw_fifo_8bit_59_uleh.v,0
trojan/hw_pwm_32bit_59_emxa.v,1
clean/hw_fifo_8bit_60_pmul.v,0
trojan/hw_fifo_64bit_60_rwxv.v,1
clean/hw_alu_32bit_61_ozku.v,0
trojan/hw_pwm_8bit_61_qrvl.v,1
clean/hw_pwm_16bit_62_ppum.v,0
trojan/hw_alu_8bit_62_dtrk.v,1
clean/hw_fifo_64bit_63_pfqd.v,0
trojan/hw_fifo_8bit_63_eghh.v,1
clean/hw_alu_8bit_64_ngrv.v,0
trojan/hw_alu_16bit_64_skqv.v,1
clean/hw_alu_64bit_65_ixmu.v,0
trojan/hw_fifo_16bit_65_wivw.v,1
clean/hw_alu_16bit_66_qvzh.v,0
trojan/hw_alu_16bit_66_cyse.v,1
clean/hw_pwm_8bit_67_guzf.v,0
trojan/hw_pwm_8bit_67_ksql.v,1
clean/hw_pwm_16bit_68_ajph.v,0
trojan/hw_alu_32bit_68_gcsb.v,1
clean/hw_pwm_32bit_69_ttoa.v,0
trojan/hw_fifo_32bit_69_qfzj.v,1
clean/hw_fifo_8bit_70_sikc.v,0
trojan/hw_fifo_8bit_70_mryz.v,1
clean/hw_fifo_8bit_71_uhah.v,0
trojan/hw_alu_8bit_71_baex.v,1
clean/hw_pwm_8bit_72_jyen.v,0
trojan/hw_fifo_16bit_72_hqlq.v,1
clean/hw_pwm_16bit_73_hajt.v,0
trojan/hw_pwm_32bit_73_amfm.v,1
clean/hw_alu_8bit_74_uszn.v,0
trojan/hw_fifo_32bit_74_movq.v,1
clean/hw_alu_64bit_75_cbpd.v,0
trojan/hw_alu_16bit_75_uwry.v,1
clean/hw_fifo_32bit_76_bfyr.v,0
trojan/hw_pwm_8bit_76_zukd.v,1
clean/hw_pwm_64bit_77_wctt.v,0
trojan/hw_alu_8bit_77_mpgl.v,1
clean/hw_pwm_32bit_78_ynez.v,0
trojan/hw_pwm_16bit_78_blnu.v,1
clean/hw_pwm_32bit_79_wzzg.v,0
trojan/hw_fifo_64bit_79_obpa.v,1
clean/hw_pwm_8bit_80_dlca.v,0
trojan/hw_pwm_16bit_80_zjpo.v,1
clean/hw_pwm_64bit_81_yssu.v,0
trojan/hw_pwm_16bit_81_zeys.v,1
clean/hw_alu_16bit_82_gsvk.v,0
trojan/hw_fifo_32bit_82_hbpk.v,1
clean/hw_pwm_16bit_83_reyw.v,0
trojan/hw_alu_8bit_83_kejm.v,1
clean/hw_alu_32bit_84_fohf.v,0
trojan/hw_fifo_8bit_84_fhrj.v,1
clean/hw_fifo_16bit_85_dhmm.v,0
trojan/hw_fifo_32bit_85_upoh.v,1
clean/hw_alu_8bit_86_jqxj.v,0
trojan/hw_alu_64bit_86_hwwv.v,1
clean/hw_pwm_8bit_87_twsy.v,0
trojan/hw_alu_16bit_87_cxac.v,1
clean/hw_pwm_32bit_88_wizk.v,0
trojan/hw_pwm_16bit_88_gqlm.v,1
clean/hw_alu_32bit_89_nbff.v,0
trojan/hw_alu_8bit_89_dlqm.v,1
clean/hw_alu_8bit_90_fhlp.v,0
trojan/hw_pwm_16bit_90_vibs.v,1
clean/hw_alu_16bit_91_arqx.v,0
trojan/hw_alu_8bit_91_khqk.v,1
clean/hw_alu_16bit_92_zjoo.v,0
trojan/hw_fifo_64bit_92_bppy.v,1
clean/hw_alu_64bit_93_vxtu.v,0
trojan/hw_alu_32bit_93_oxes.v,1
clean/hw_pwm_8bit_94_shtc.v,0
trojan/hw_pwm_64bit_94_losz.v,1
clean/hw_fifo_8bit_95_jxsg.v,0
trojan/hw_alu_16bit_95_cxgo.v,1
clean/hw_fifo_32bit_96_lkch.v,0
trojan/hw_pwm_8bit_96_tcjf.v,1
clean/hw_alu_32bit_97_citg.v,0
trojan/hw_pwm_8bit_97_rbrm.v,1
clean/hw_alu_8bit_98_qfuk.v,0
trojan/hw_alu_8bit_98_smfh.v,1
clean/hw_alu_32bit_99_iwgt.v,0
trojan/hw_alu_16bit_99_aghk.v,1
clean/hw_fifo_8bit_100_uyaq.v,0
trojan/hw_alu_16bit_100_lzrl.v,1
clean/hw_alu_32bit_101_rhnn.v,0
trojan/hw_alu_64bit_101_ypgr.v,1
clean/hw_fifo_16bit_102_ohck.v,0
trojan/hw_fifo_64bit_102_lgjj.v,1
clean/hw_alu_64bit_103_gtcq.v,0
trojan/hw_alu_8bit_103_oyps.v,1
clean/hw_alu_64bit_104_irjm.v,0
trojan/hw_pwm_32bit_104_blja.v,1
clean/hw_pwm_32bit_105_zzkw.v,0
trojan/hw_fifo_32bit_105_qhls.v,1
clean/hw_fifo_64bit_106_bxhz.v,0
trojan/hw_alu_16bit_106_xoxm.v,1
clean/hw_fifo_8bit_107_izwe.v,0
trojan/hw_alu_16bit_107_gict.v,1
clean/hw_pwm_8bit_108_kdvv.v,0
trojan/hw_alu_64bit_108_ljtk.v,1
clean/hw_alu_64bit_109_pivs.v,0
trojan/hw_alu_16bit_109_qnrt.v,1
clean/hw_alu_8bit_110_pwrn.v,0
trojan/hw_pwm_8bit_110_jxjo.v,1
clean/hw_alu_32bit_111_kwnz.v,0
trojan/hw_pwm_32bit_111_byyv.v,1
clean/hw_fifo_16bit_112_uaih.v,0
trojan/hw_fifo_16bit_112_vgqn.v,1
clean/hw_pwm_32bit_113_ruyu.v,0
trojan/hw_fifo_64bit_113_megv.v,1
clean/hw_fifo_64bit_114_ffgk.v,0
trojan/hw_alu_8bit_114_yzvw.v,1
clean/hw_alu_64bit_115_gwpe.v,0
trojan/hw_pwm_32bit_115_nkhz.v,1
clean/hw_alu_16bit_116_epwa.v,0
trojan/hw_alu_8bit_116_edwh.v,1
clean/hw_fifo_32bit_117_eouj.v,0
trojan/hw_alu_64bit_117_xjvo.v,1
clean/hw_alu_64bit_118_zcru.v,0
trojan/hw_fifo_32bit_118_xcwd.v,1
clean/hw_alu_32bit_119_tnyp.v,0
trojan/hw_pwm_16bit_119_soea.v,1
clean/hw_fifo_64bit_120_oysx.v,0
trojan/hw_fifo_64bit_120_fqza.v,1
clean/hw_alu_16bit_121_fmeh.v,0
trojan/hw_pwm_16bit_121_ivrm.v,1
clean/hw_alu_32bit_122_hxqh.v,0
trojan/hw_pwm_16bit_122_pnec.v,1
clean/hw_pwm_32bit_123_pcov.v,0
trojan/hw_alu_16bit_123_bicc.v,1
clean/hw_fifo_16bit_124_ntux.v,0
trojan/hw_alu_32bit_124_wbuf.v,1
clean/hw_fifo_16bit_125_ssap.v,0
trojan/hw_fifo_8bit_125_nmfa.v,1
clean/hw_pwm_32bit_126_bgja.v,0
trojan/hw_fifo_16bit_126_arng.v,1
clean/hw_fifo_16bit_127_arcu.v,0
trojan/hw_alu_64bit_127_irfa.v,1
clean/hw_fifo_32bit_128_zcro.v,0
trojan/hw_pwm_8bit_128_psie.v,1
clean/hw_fifo_64bit_129_hemq.v,0
trojan/hw_alu_8bit_129_dxzu.v,1
clean/hw_fifo_64bit_130_vhxk.v,0
trojan/hw_alu_8bit_130_feig.v,1
clean/hw_fifo_64bit_131_hyff.v,0
trojan/hw_alu_8bit_131_ffpo.v,1
clean/hw_fifo_64bit_132_bptz.v,0
trojan/hw_pwm_32bit_132_ugsm.v,1
clean/hw_fifo_16bit_133_lgoe.v,0
trojan/hw_fifo_32bit_133_uszh.v,1
clean/hw_pwm_64bit_134_hpsx.v,0
trojan/hw_fifo_64bit_134_auxm.v,1
clean/hw_fifo_16bit_135_zctp.v,0
trojan/hw_pwm_32bit_135_deiw.v,1
clean/hw_pwm_32bit_136_egdr.v,0
trojan/hw_pwm_64bit_136_vmbv.v,1
clean/hw_fifo_16bit_137_mxsq.v,0
trojan/hw_fifo_64bit_137_mvgb.v,1
clean/hw_fifo_16bit_138_rkdg.v,0
trojan/hw_alu_32bit_138_skth.v,1
clean/hw_pwm_64bit_139_hcpe.v,0
trojan/hw_fifo_64bit_139_grnj.v,1
clean/hw_fifo_16bit_140_ynhv.v,0
trojan/hw_pwm_64bit_140_dmww.v,1
clean/hw_fifo_32bit_141_voem.v,0
trojan/hw_fifo_16bit_141_rcab.v,1
clean/hw_alu_8bit_142_iayr.v,0
trojan/hw_alu_32bit_142_ojeg.v,1
clean/hw_fifo_16bit_143_bgzn.v,0
trojan/hw_fifo_8bit_143_ejiu.v,1
clean/hw_alu_16bit_144_talz.v,0
trojan/hw_fifo_8bit_144_toog.v,1
clean/hw_alu_8bit_145_judz.v,0
trojan/hw_pwm_64bit_145_ydca.v,1
clean/hw_pwm_16bit_146_wjwr.v,0
trojan/hw_fifo_8bit_146_qzqz.v,1
clean/hw_alu_16bit_147_ldou.v,0
trojan/hw_fifo_32bit_147_qlww.v,1
clean/hw_alu_64bit_148_uocj.v,0
trojan/hw_fifo_16bit_148_mewg.v,1
clean/hw_fifo_64bit_149_vowa.v,0
trojan/hw_fifo_16bit_149_hzpm.v,1
clean/hw_pwm_64bit_150_qxjg.v,0
trojan/hw_fifo_8bit_150_zibk.v,1
clean/hw_pwm_16bit_151_sugu.v,0
trojan/hw_alu_64bit_151_jbvg.v,1
clean/hw_fifo_8bit_152_ynec.v,0
trojan/hw_alu_32bit_152_vlsk.v,1
clean/hw_alu_8bit_153_xsvg.v,0
trojan/hw_alu_8bit_153_rqxo.v,1
clean/hw_pwm_16bit_154_pful.v,0
trojan/hw_fifo_32bit_154_cxoc.v,1
clean/hw_fifo_16bit_155_bgpd.v,0
trojan/hw_pwm_32bit_155_wbma.v,1
clean/hw_alu_32bit_156_cokp.v,0
trojan/hw_alu_64bit_156_skmw.v,1
clean/hw_alu_8bit_157_dzrr.v,0
trojan/hw_alu_8bit_157_gyry.v,1
clean/hw_alu_64bit_158_stol.v,0
trojan/hw_alu_32bit_158_qpel.v,1
clean/hw_pwm_8bit_159_kigo.v,0
trojan/hw_fifo_32bit_159_eebc.v,1
clean/hw_fifo_32bit_160_pumf.v,0
trojan/hw_pwm_32bit_160_ypcj.v,1
clean/hw_pwm_16bit_161_oawt.v,0
trojan/hw_alu_64bit_161_yyid.v,1
clean/hw_alu_16bit_162_ldjy.v,0
trojan/hw_fifo_64bit_162_mgve.v,1
clean/hw_alu_16bit_163_pstm.v,0
trojan/hw_alu_32bit_163_vswu.v,1
clean/hw_alu_8bit_164_bkzk.v,0
trojan/hw_fifo_16bit_164_qivs.v,1
clean/hw_alu_16bit_165_cpws.v,0
trojan/hw_alu_8bit_165_ptbw.v,1
clean/hw_pwm_64bit_166_vzaq.v,0
trojan/hw_alu_16bit_166_fhsz.v,1
clean/hw_alu_64bit_167_ufrj.v,0
trojan/hw_fifo_8bit_167_dlce.v,1
clean/hw_alu_8bit_168_myvy.v,0
trojan/hw_pwm_32bit_168_xnfy.v,1
clean/hw_alu_64bit_169_mpfr.v,0
trojan/hw_pwm_32bit_169_wpag.v,1
clean/hw_alu_8bit_170_xdrv.v,0
trojan/hw_pwm_32bit_170_nmwa.v,1
clean/hw_alu_64bit_171_lbyq.v,0
trojan/hw_fifo_16bit_171_bysn.v,1
clean/hw_pwm_32bit_172_gpkv.v,0
trojan/hw_alu_8bit_172_tizq.v,1
clean/hw_alu_32bit_173_tcsf.v,0
trojan/hw_alu_16bit_173_euvj.v,1
clean/hw_pwm_8bit_174_fnyt.v,0
trojan/hw_alu_32bit_174_pvwq.v,1
clean/hw_pwm_64bit_175_yqbu.v,0
trojan/hw_pwm_8bit_175_guxd.v,1
clean/hw_alu_32bit_176_ogao.v,0
trojan/hw_pwm_32bit_176_uqcl.v,1
clean/hw_pwm_16bit_177_cofn.v,0
trojan/hw_pwm_32bit_177_nxas.v,1
clean/hw_fifo_64bit_178_jfdg.v,0
trojan/hw_pwm_8bit_178_ujou.v,1
clean/hw_alu_32bit_179_khbf.v,0
trojan/hw_fifo_32bit_179_jgpx.v,1
clean/hw_alu_32bit_180_ncth.v,0
trojan/hw_alu_8bit_180_ilvd.v,1
clean/hw_alu_64bit_181_doyc.v,0
trojan/hw_pwm_16bit_181_yzli.v,1
clean/hw_alu_8bit_182_vxbi.v,0
trojan/hw_pwm_8bit_182_gwfx.v,1
clean/hw_alu_8bit_183_pinw.v,0
trojan/hw_fifo_8bit_183_bxbl.v,1
clean/hw_alu_8bit_184_djlk.v,0
trojan/hw_alu_64bit_184_rbdt.v,1
clean/hw_fifo_8bit_185_fvwq.v,0
trojan/hw_fifo_8bit_185_ipba.v,1
clean/hw_fifo_8bit_186_azwz.v,0
trojan/hw_fifo_8bit_186_wmpp.v,1
clean/hw_pwm_8bit_187_kdsd.v,0
trojan/hw_pwm_8bit_187_meji.v,1
clean/hw_alu_64bit_188_alqw.v,0
trojan/hw_fifo_64bit_188_ypfn.v,1
clean/hw_pwm_8bit_189_buyd.v,0
trojan/hw_alu_16bit_189_anbr.v,1
clean/hw_fifo_8bit_190_ionl.v,0
trojan/hw_alu_64bit_190_dnqz.v,1
clean/hw_fifo_32bit_191_zkkc.v,0
trojan/hw_pwm_64bit_191_bkst.v,1
clean/hw_alu_32bit_192_vsum.v,0
trojan/hw_alu_32bit_192_zxcq.v,1
clean/hw_alu_64bit_193_ymfq.v,0
trojan/hw_pwm_8bit_193_flgd.v,1
clean/hw_pwm_16bit_194_juil.v,0
trojan/hw_alu_64bit_194_qudd.v,1
clean/hw_alu_64bit_195_ebvh.v,0
trojan/hw_pwm_8bit_195_qven.v,1
clean/hw_pwm_64bit_196_tgap.v,0
trojan/hw_alu_8bit_196_mtyj.v,1
clean/hw_pwm_32bit_197_cfmr.v,0
trojan/hw_alu_8bit_197_buss.v,1
clean/hw_alu_32bit_198_yxpy.v,0
trojan/hw_alu_16bit_198_ftfj.v,1
clean/hw_alu_8bit_199_hllc.v,0
trojan/hw_pwm_16bit_199_fdep.v,1
clean/hw_alu_64bit_200_dyki.v,0
trojan/hw_alu_16bit_200_ptmp.v,1
clean/hw_fifo_8bit_201_dcpz.v,0
trojan/hw_pwm_16bit_201_ivep.v,1
clean/hw_fifo_64bit_202_wkgh.v,0
trojan/hw_pwm_8bit_202_htnp.v,1
clean/hw_pwm_64bit_203_drhi.v,0
trojan/hw_fifo_64bit_203_bctw.v,1
clean/hw_alu_64bit_204_mgmy.v,0
trojan/hw_fifo_32bit_204_tolc.v,1
clean/hw_pwm_32bit_205_uosh.v,0
trojan/hw_alu_8bit_205_lofr.v,1
clean/hw_pwm_32bit_206_bknb.v,0
trojan/hw_alu_64bit_206_xabo.v,1
clean/hw_pwm_8bit_207_vhma.v,0
trojan/hw_pwm_32bit_207_hocd.v,1
clean/hw_pwm_8bit_208_aggk.v,0
trojan/hw_pwm_16bit_208_ijkz.v,1
clean/hw_fifo_32bit_209_nslx.v,0
trojan/hw_alu_8bit_209_outc.v,1
clean/hw_fifo_32bit_210_vasa.v,0
trojan/hw_alu_32bit_210_oomx.v,1
clean/hw_pwm_16bit_211_ibrh.v,0
trojan/hw_alu_64bit_211_mbem.v,1
clean/hw_fifo_16bit_212_ybjf.v,0
trojan/hw_fifo_64bit_212_hzbx.v,1
clean/hw_pwm_16bit_213_kkzu.v,0
trojan/hw_pwm_16bit_213_xsvw.v,1
clean/hw_fifo_16bit_214_zwup.v,0
trojan/hw_alu_16bit_214_xfsj.v,1
clean/hw_fifo_16bit_215_bnta.v,0
trojan/hw_fifo_16bit_215_qpvl.v,1
clean/hw_fifo_16bit_216_kzoh.v,0
trojan/hw_pwm_8bit_216_bgzr.v,1
clean/hw_fifo_64bit_217_tour.v,0
trojan/hw_pwm_64bit_217_vndg.v,1
clean/hw_alu_32bit_218_xmdz.v,0
trojan/hw_fifo_8bit_218_eopg.v,1
clean/hw_alu_32bit_219_ogxc.v,0
trojan/hw_pwm_16bit_219_mwou.v,1
clean/hw_pwm_16bit_220_iyqw.v,0
trojan/hw_alu_8bit_220_tpdh.v,1
clean/hw_alu_32bit_221_otnm.v,0
trojan/hw_fifo_16bit_221_hddl.v,1
clean/hw_pwm_16bit_222_ownm.v,0
trojan/hw_fifo_8bit_222_vpiz.v,1
clean/hw_fifo_64bit_223_evga.v,0
trojan/hw_fifo_64bit_223_gawi.v,1
clean/hw_fifo_16bit_224_epak.v,0
trojan/hw_alu_8bit_224_yors.v,1
clean/hw_fifo_64bit_225_lqfb.v,0
trojan/hw_pwm_64bit_225_oput.v,1
clean/hw_fifo_8bit_226_pkut.v,0
trojan/hw_alu_64bit_226_mjdg.v,1
clean/hw_alu_32bit_227_cpix.v,0
trojan/hw_pwm_32bit_227_ywkc.v,1
clean/hw_alu_64bit_228_hevg.v,0
trojan/hw_alu_64bit_228_dvjb.v,1
clean/hw_pwm_16bit_229_tfqt.v,0
trojan/hw_alu_8bit_229_zhvl.v,1
clean/hw_fifo_64bit_230_kbhl.v,0
trojan/hw_fifo_64bit_230_xukf.v,1
clean/hw_fifo_32bit_231_zeyu.v,0
trojan/hw_alu_16bit_231_vvth.v,1
clean/hw_alu_8bit_232_cvqr.v,0
trojan/hw_alu_8bit_232_rqol.v,1
clean/hw_fifo_32bit_233_kizs.v,0
trojan/hw_fifo_8bit_233_yalj.v,1
clean/hw_alu_8bit_234_ohdu.v,0
trojan/hw_fifo_8bit_234_adhl.v,1
clean/hw_pwm_8bit_235_izuw.v,0
trojan/hw_fifo_16bit_235_tzqb.v,1
clean/hw_pwm_8bit_236_mbdj.v,0
trojan/hw_alu_16bit_236_dfpc.v,1
clean/hw_pwm_32bit_237_qvng.v,0
trojan/hw_alu_32bit_237_lpch.v,1
clean/hw_pwm_16bit_238_tfke.v,0
trojan/hw_fifo_64bit_238_krry.v,1
clean/hw_pwm_16bit_239_ndlq.v,0
trojan/hw_pwm_16bit_239_ewrf.v,1
clean/hw_fifo_16bit_240_nfep.v,0
trojan/hw_fifo_32bit_240_wqca.v,1
clean/hw_fifo_64bit_241_pxwb.v,0
trojan/hw_alu_16bit_241_luqf.v,1
clean/hw_alu_32bit_242_wtir.v,0
trojan/hw_alu_64bit_242_ffms.v,1
clean/hw_pwm_16bit_243_iqil.v,0
trojan/hw_pwm_32bit_243_kxwt.v,1
clean/hw_pwm_64bit_244_nijm.v,0
trojan/hw_alu_64bit_244_npqq.v,1
clean/hw_pwm_32bit_245_ssos.v,0
trojan/hw_fifo_32bit_245_khvn.v,1
clean/hw_alu_32bit_246_elzf.v,0
trojan/hw_alu_32bit_246_cjqc.v,1
clean/hw_fifo_32bit_247_veqr.v,0
trojan/hw_pwm_8bit_247_bwfe.v,1
clean/hw_fifo_16bit_248_qtpo.v,0
trojan/hw_alu_32bit_248_uwvq.v,1
clean/hw_alu_64bit_249_ctqq.v,0
trojan/hw_alu_16bit_249_usmq.v,1
